Component,Explained_Variance
PC1,57.622154265727055
PC2,23.25317298225535
PC3,10.513810237243232
PC4,8.099372083602537
PC5,0.5114904311719684
